<?xml version="1.0" encoding="UTF-8"?>
<project-private xmlns="http://www.netbeans.org/ns/project-private/1">
    <editor-bookmarks xmlns="http://www.netbeans.org/ns/editor-bookmarks/2" lastBookmarkId="0"/>
    <open-files xmlns="http://www.netbeans.org/ns/projectui-open-files/2">
        <group>
            <file>file:/D:/NetBeansProjects/BagManufacturing/web/view/home.jsp</file>
            <file>file:/D:/NetBeansProjects/BagManufacturing/src/java/model/Article.java</file>
            <file>file:/D:/NetBeansProjects/BagManufacturing/web/view/css/style.css</file>
            <file>file:/D:/NetBeansProjects/BagManufacturing/src/java/model/Material.java</file>
            <file>file:/D:/NetBeansProjects/BagManufacturing/src/java/controller/AddProductController.java</file>
            <file>file:/D:/NetBeansProjects/BagManufacturing/src/java/model/Product.java</file>
            <file>file:/D:/NetBeansProjects/BagManufacturing/src/java/model/Look.java</file>
            <file>file:/D:/NetBeansProjects/BagManufacturing/src/java/model/Component.java</file>
            <file>file:/D:/NetBeansProjects/BagManufacturing/src/java/controller/AddNameController.java</file>
            <file>file:/D:/NetBeansProjects/BagManufacturing/src/java/model/Type.java</file>
            <file>file:/D:/NetBeansProjects/BagManufacturing/src/java/model/Size.java</file>
        </group>
    </open-files>
</project-private>
